{
  "SSWSophieBot.en-us": {
    "rootDialog": true,
    "triggers": {
      "": [
        "GreetingDialog.en-us"
      ],
      "GetEmailAddress": [
        "GetEmailAddressDialog.en-us"
      ],
      "GetPhoneNumber": [
        "GetPhoneNumberDialog.en-us"
      ],
      "GetProfile": [
        "GetProfileDialog.en-us"
      ],
      "GetSkills": [
        "GetSkillsDialog.en-us"
      ],
      "GetPeopleBasedOnLocation": [
        "GetPeopleBasedOnLocationDialog.en-us"
      ],
      "Goodbye": "",
      "GetExpertsByLocation": [
        "GetExpertsByLocationDialog.en-us"
      ],
      "GetEmployeesOnProject": [
        "GetEmployeesByProjectDialog.en-us"
      ],
      "GetAvailableExpertsByLocation": [
        "GetAvailableExpertsByLocationDialog.en-us"
      ],
      "CheckAvailability": [
        "CheckAvailabilityDialog.en-us"
      ],
      "GetPeopleBySkills": [
        "GetPeopleBySkills.en-us"
      ],
      "BugReport": "",
      "GetPeopleOnClientWork": [
        "GetPeopleOnClientWorkDialog.en-us"
      ],
      "GetCurrentEmployeesOnLocation": [
        "GetCurrentEmployeesOnLocationDialog.en-us"
      ],
      "Greeting": [
        "GreetingDialog.en-us"
      ]
    }
  }
}
